n_samples,41.0
p0,1.0
p1,2.0
p2,3.0
a0,0.9207789390564921
a1,0.9293531745579875
a2,1.3774642590635628
