n_samples,41.0
p0,1.0
p1,2.0
p2,3.0
a0,1.148011637074175
a1,1.46519381717457
a2,1.1150210907639013
