n_samples,44.0
p0,1.0
p1,2.0
p2,3.0
a0,0.9482285560179363
a1,1.1893138694571344
a2,1.179495128189187
