n_samples,43.0
p0,1.0
p1,2.0
p2,3.0
a0,0.689074024026093
a1,1.352679987415148
a2,1.4088071397833293
