n_samples,42.0
p0,1.0
p1,2.0
p2,3.0
a0,0.6573383295357306
a1,1.074692779040533
a2,0.5008304744393554
