n_samples,49.0
p0,1.0
p1,2.0
p2,3.0
a0,1.264875096364062
a1,1.1129447137431208
a2,0.8025726281933386
