n_samples,42.0
p0,1.0
p1,2.0
p2,3.0
a0,1.1122364977255508
a1,0.6792562924810437
a2,1.4886407594397313
