n_samples,46.0
p0,1.0
p1,2.0
p2,3.0
a0,1.2689974646981672
a1,0.7345760614539516
a2,0.7952856691135507
