n_samples,42.0
p0,1.0
p1,2.0
p2,3.0
a0,0.9421884510342816
a1,0.5533856905707628
a2,1.3204983391004892
