n_samples,44.0
p0,1.0
p1,2.0
p2,3.0
a0,0.6171619520223526
a1,1.4381860453691933
a2,0.8079854433928723
