n_samples,40.0
p0,1.0
p1,2.0
p2,3.0
a0,1.1169778519402165
a1,0.8829873343454163
a2,1.2195555001714062
