n_samples,48.0
p0,1.0
p1,2.0
p2,3.0
a0,1.3956582570303482
a1,0.9067171528081966
a2,1.3137350459759047
