n_samples,41.0
p0,1.0
p1,2.0
p2,3.0
a0,0.6657105572368668
a1,0.9936642007637635
a2,1.1267445004263765
