n_samples,41.0
p0,1.0
p1,2.0
p2,3.0
a0,1.4705737960836882
a1,1.4855700757555534
a2,1.2999086028537536
