n_samples,47.0
p0,1.0
p1,2.0
p2,3.0
a0,1.0305016735115977
a1,0.6101688416478386
a2,0.8985172046330938
