n_samples,43.0
p0,1.0
p1,2.0
p2,3.0
a0,1.1502832746317595
a1,1.3643985982732407
a2,0.8900818759703863
