n_samples,46.0
p0,1.0
p1,2.0
p2,3.0
a0,1.1095169076073506
a1,1.3397820209062856
a2,1.0054239897687682
