n_samples,44.0
p0,1.0
p1,2.0
p2,3.0
a0,0.6601363363768173
a1,1.2187476148382321
a2,1.3363637278814515
