Metric,Value
Accuracy,0.858660936133536
Precision,0.7586961375546173
Recall,0.9058070429019617
F1 Score,0.958338736923261
