n_samples,47.0
p0,1.0
p1,2.0
p2,3.0
a0,0.6665560656513551
a1,1.1343583125877417
a2,0.9421155803121474
