n_samples,42.0
p0,1.0
p1,2.0
p2,3.0
a0,0.8474721294661187
a1,1.2747807393107
a2,0.9831964951975786
