n_samples,48.0
p0,1.0
p1,2.0
p2,3.0
a0,0.5929682589554218
a1,0.5479843241506573
a2,1.445595785600228
