n_samples,45.0
p0,1.0
p1,2.0
p2,3.0
a0,0.5678704551469146
a1,0.7060335202817687
a2,1.4053167898073782
