n_samples,46.0
p0,1.0
p1,2.0
p2,3.0
a0,1.3080883010281243
a1,0.7386942472108655
a2,0.9696402074964333
