n_samples,46.0
p0,1.0
p1,2.0
p2,3.0
a0,0.7274262862170353
a1,1.011804759732724
a2,0.7861021629042929
