n_samples,48.0
p0,1.0
p1,2.0
p2,3.0
a0,1.1522145528186691
a1,0.601019730075403
a2,0.759147595434206
