Name,min,mean,max,sigma3
wave_1,0.028074875608987165,0.04474264192678835,0.07294838417865855,0.03812416501859012
wave_2,0.3067258796501125,0.6366854472150065,0.9880919913726497,0.5940186867168052
wave_3,0.33916148335719754,0.4842028801715431,0.6949159088853283,0.3054908024970264
