n_samples,41.0
p0,1.0
p1,2.0
p2,3.0
a0,0.8680522896800472
a1,0.7944945073462762
a2,0.9017537464216617
