n_samples,47.0
p0,1.0
p1,2.0
p2,3.0
a0,1.1168326431969038
a1,0.5219511551688859
a2,1.364088721376157
