n_samples,49.0
p0,1.0
p1,2.0
p2,3.0
a0,1.2824423354868002
a1,1.1263474009780172
a2,1.2661661266148712
