n_samples,41.0
p0,1.0
p1,2.0
p2,3.0
a0,1.2579576433688224
a1,0.9125417191313766
a2,1.04173729310505
