n_samples,41.0
p0,1.0
p1,2.0
p2,3.0
a0,1.3484106503241469
a1,0.5712193112104388
a2,0.5186971479863176
