n_samples,45.0
p0,1.0
p1,2.0
p2,3.0
a0,1.2032808350458448
a1,1.3585495217495316
a2,1.1106355951773503
