n_samples,44.0
p0,1.0
p1,2.0
p2,3.0
a0,0.6865357765373852
a1,0.9286193702752772
a2,1.4067754822713248
