n_samples,47.0
p0,1.0
p1,2.0
p2,3.0
a0,0.9887378819637751
a1,1.3749174358997103
a2,1.4341588388350366
