n_samples,43.0
p0,1.0
p1,2.0
p2,3.0
a0,0.511196283567129
a1,1.044926371426306
a2,0.5058571742322325
