n_samples,49.0
p0,1.0
p1,2.0
p2,3.0
a0,1.464306219361465
a1,0.8124925955482929
a2,1.1424479855981278
