n_samples,48.0
p0,1.0
p1,2.0
p2,3.0
a0,1.3590705069994253
a1,0.6169920474327533
a2,1.4831354156670935
