n_samples,40.0
p0,1.0
p1,2.0
p2,3.0
a0,1.3977763941042003
a1,1.319078560999508
a2,0.9218796345026937
