n_samples,49.0
p0,1.0
p1,2.0
p2,3.0
a0,0.5428060869731406
a1,1.4343092349734352
a2,1.104566638347181
