n_samples,44.0
p0,1.0
p1,2.0
p2,3.0
a0,1.299842519484267
a1,0.7255949686754798
a2,1.4285276701230278
