n_samples,43.0
p0,1.0
p1,2.0
p2,3.0
a0,0.7559083034204518
a1,1.4291515116028242
a2,1.0289038297524637
