n_samples,42.0
p0,1.0
p1,2.0
p2,3.0
a0,0.5331572363152851
a1,0.649645642986597
a2,1.1824251562124246
