n_samples,41.0
p0,1.0
p1,2.0
p2,3.0
a0,0.6823377362056088
a1,0.6211630364341265
a2,1.1044325850713597
