n_samples,42.0
p0,1.0
p1,2.0
p2,3.0
a0,0.7773857935103098
a1,1.2535473854552466
a2,1.3895808329918578
