n_samples,42.0
p0,1.0
p1,2.0
p2,3.0
a0,1.1070884235605822
a1,1.3508393807571013
a2,1.2502773391132007
