n_samples,47.0
p0,1.0
p1,2.0
p2,3.0
a0,0.9244499471789049
a1,0.974358707961547
a2,0.9653982258912924
