n_samples,41.0
p0,1.0
p1,2.0
p2,3.0
a0,0.8848534887814031
a1,0.9136334263637487
a2,1.4341154309381454
