n_samples,44.0
p0,1.0
p1,2.0
p2,3.0
a0,1.1546188184804804
a1,0.50842235016811
a2,0.9120500376616137
