n_samples,48.0
p0,1.0
p1,2.0
p2,3.0
a0,1.1730306568285862
a1,1.222204603187989
a2,0.92911351218964
