n_samples,47.0
p0,1.0
p1,2.0
p2,3.0
a0,1.0115056001829594
a1,0.8311706301145261
a2,1.4039064725494907
