n_samples,42.0
p0,1.0
p1,2.0
p2,3.0
a0,1.083011433896227
a1,0.7156414411307973
a2,0.9201886963753202
