n_samples,45.0
p0,1.0
p1,2.0
p2,3.0
a0,0.7205577178741639
a1,0.5283379042851548
a2,0.5304918232353738
