n_samples,46.0
p0,1.0
p1,2.0
p2,3.0
a0,1.1037648593351304
a1,1.1475493694507186
a2,1.3700365856805894
