n_samples,42.0
p0,1.0
p1,2.0
p2,3.0
a0,1.1505916852010967
a1,1.2173585162969145
a2,0.5780497021469235
