n_samples,41.0
p0,1.0
p1,2.0
p2,3.0
a0,0.5158293166901804
a1,0.7125465122620926
a2,1.211330287520875
