n_samples,42.0
p0,1.0
p1,2.0
p2,3.0
a0,1.4173338033153096
a1,0.9452930321640666
a2,0.8771638820761298
