n_samples,48.0
p0,1.0
p1,2.0
p2,3.0
a0,0.9086323617286922
a1,0.642680448679549
a2,1.1693878822129546
