n_samples,40.0
p0,1.0
p1,2.0
p2,3.0
a0,0.9044321442507627
a1,1.2989575292821431
a2,1.3272360464948623
