n_samples,45.0
p0,1.0
p1,2.0
p2,3.0
a0,0.7270328361026163
a1,0.8953785825931063
a2,1.2896880387482446
