n_samples,47.0
p0,1.0
p1,2.0
p2,3.0
a0,1.4805233062488536
a1,1.19712265050836
a2,0.5817916477007975
