n_samples,43.0
p0,1.0
p1,2.0
p2,3.0
a0,0.7386720176932859
a1,1.3730579839685815
a2,1.0315795442522067
