n_samples,42.0
p0,1.0
p1,2.0
p2,3.0
a0,0.7102086585216623
a1,1.0518000753518795
a2,1.1072575420779267
