n_samples,49.0
p0,1.0
p1,2.0
p2,3.0
a0,0.544985420350722
a1,0.7182273389971844
a2,0.5488158076389794
