Metric,Value
Accuracy,0.9085428825022563
Precision,0.8087652749706745
Recall,0.8205959265540455
F1 Score,0.810630665685772
