n_samples,41.0
p0,1.0
p1,2.0
p2,3.0
a0,0.9154116015483996
a1,1.1243028903187113
a2,0.7479178511061622
