n_samples,41.0
p0,1.0
p1,2.0
p2,3.0
a0,0.6271689634622979
a1,1.427953200360188
a2,1.3090350922675753
