n_samples,46.0
p0,1.0
p1,2.0
p2,3.0
a0,1.4655854294541661
a1,0.7932678144124017
a2,0.9425520385364473
