n_samples,42.0
p0,1.0
p1,2.0
p2,3.0
a0,1.1351343813763983
a1,0.5072184319667148
a2,1.3620601417872968
