n_samples,48.0
p0,1.0
p1,2.0
p2,3.0
a0,0.5520469062726476
a1,0.610427770827675
a2,1.0477832516300034
