n_samples,40.0
p0,1.0
p1,2.0
p2,3.0
a0,1.4256156062636893
a1,1.4613319731806795
a2,1.446290776176598
