n_samples,44.0
p0,1.0
p1,2.0
p2,3.0
a0,0.8088704111174785
a1,0.7720567286235087
a2,0.6570939253899287
