n_samples,47.0
p0,1.0
p1,2.0
p2,3.0
a0,1.1799816440524373
a1,1.3388304130580964
a2,1.2887810273365006
