n_samples,47.0
p0,1.0
p1,2.0
p2,3.0
a0,0.7857599727781521
a1,0.7987826059286073
a2,1.3863328784130662
