n_samples,45.0
p0,1.0
p1,2.0
p2,3.0
a0,1.075886302371193
a1,1.3966465700484132
a2,1.1206531960501191
