n_samples,46.0
p0,1.0
p1,2.0
p2,3.0
a0,1.1564496284292365
a1,0.8806604188996912
a2,1.1841869824724893
