n_samples,41.0
p0,1.0
p1,2.0
p2,3.0
a0,0.5232566110699512
a1,0.8369595246027361
a2,0.8942118145449572
