n_samples,42.0
p0,1.0
p1,2.0
p2,3.0
a0,0.8613175804590304
a1,1.3555957066810367
a2,1.499273161486372
