n_samples,42.0
p0,1.0
p1,2.0
p2,3.0
a0,1.1987298445194856
a1,1.3119264938734272
a2,0.7791573025981673
