n_samples,43.0
p0,1.0
p1,2.0
p2,3.0
a0,0.8792279636362912
a1,1.3740782705866679
a2,1.2264142436362995
