n_samples,40.0
p0,1.0
p1,2.0
p2,3.0
a0,1.2520459340547039
a1,0.927456707080309
a2,1.4943838184078264
