n_samples,41.0
p0,1.0
p1,2.0
p2,3.0
a0,0.8092609123252538
a1,0.5472356853802021
a2,0.6338465818687871
