n_samples,44.0
p0,1.0
p1,2.0
p2,3.0
a0,1.2200303427651777
a1,0.9218211240897801
a2,0.732780491438133
