n_samples,48.0
p0,1.0
p1,2.0
p2,3.0
a0,1.3140504451585413
a1,1.191367984170719
a2,0.621528658622369
