n_samples,48.0
p0,1.0
p1,2.0
p2,3.0
a0,0.7735075575100623
a1,1.2008194340218163
a2,0.5792289514215911
