n_samples,46.0
p0,1.0
p1,2.0
p2,3.0
a0,0.7103918622862498
a1,0.9705237419217211
a2,1.1090800582684883
