n_samples,46.0
p0,1.0
p1,2.0
p2,3.0
a0,0.9670653247196087
a1,1.2479064225141454
a2,0.6322957859054612
