n_samples,41.0
p0,1.0
p1,2.0
p2,3.0
a0,0.9303881724721649
a1,0.6852202313647889
a2,1.3732523796830391
