n_samples,44.0
p0,1.0
p1,2.0
p2,3.0
a0,0.7643567112533136
a1,1.0974885665641856
a2,0.7826490637002598
