n_samples,40.0
p0,1.0
p1,2.0
p2,3.0
a0,1.153111559520092
a1,0.7665947725348001
a2,1.36730075119067
