n_samples,40.0
p0,1.0
p1,2.0
p2,3.0
a0,0.8748583209747056
a1,0.6590587044650162
a2,1.0666173030602786
