n_samples,45.0
p0,1.0
p1,2.0
p2,3.0
a0,0.8717861747908284
a1,0.787567287033036
a2,1.0883966370506628
