Metric,Value
Accuracy,0.7965825579197701
Precision,0.7988145910188319
Recall,0.8780628918724341
F1 Score,0.9007682222891644
