n_samples,46.0
p0,1.0
p1,2.0
p2,3.0
a0,0.9313928998785778
a1,1.0253559375963617
a2,0.9694587154493274
