n_samples,47.0
p0,1.0
p1,2.0
p2,3.0
a0,0.914965463683574
a1,0.9349691684103462
a2,1.1420585953207092
