n_samples,45.0
p0,1.0
p1,2.0
p2,3.0
a0,0.6257001486590452
a1,1.4970679289729376
a2,0.7911988829009862
