n_samples,41.0
p0,1.0
p1,2.0
p2,3.0
a0,0.9354439266419146
a1,1.2656600143755292
a2,1.1650246995198486
