n_samples,42.0
p0,1.0
p1,2.0
p2,3.0
a0,0.7559596625000791
a1,1.0347749596905609
a2,0.5305005089352937
