n_samples,40.0
p0,1.0
p1,2.0
p2,3.0
a0,1.089706487411978
a1,1.283460017665219
a2,0.9578848105152574
