n_samples,40.0
p0,1.0
p1,2.0
p2,3.0
a0,0.5325087760832605
a1,1.0477168284206684
a2,0.5627969647534562
