n_samples,48.0
p0,1.0
p1,2.0
p2,3.0
a0,0.8973715315000542
a1,1.3470018891881625
a2,0.9453933030928002
