n_samples,42.0
p0,1.0
p1,2.0
p2,3.0
a0,0.9921087301583599
a1,1.0615182840328803
a2,1.4280490697320982
