n_samples,43.0
p0,1.0
p1,2.0
p2,3.0
a0,0.9657549958093729
a1,0.631538025273849
a2,1.1574066303337143
