n_samples,49.0
p0,1.0
p1,2.0
p2,3.0
a0,0.5713126768579352
a1,1.49560471833641
a2,1.2347071238354603
