n_samples,44.0
p0,1.0
p1,2.0
p2,3.0
a0,0.6412581959334863
a1,1.12982680173822
a2,0.6401269088940611
