n_samples,41.0
p0,1.0
p1,2.0
p2,3.0
a0,0.7772493416074354
a1,0.546984241835805
a2,0.6617023156370168
