n_samples,45.0
p0,1.0
p1,2.0
p2,3.0
a0,0.8845209859689795
a1,0.8159365439119531
a2,0.8849425694489321
