n_samples,41.0
p0,1.0
p1,2.0
p2,3.0
a0,0.7218096451505425
a1,1.2495957288577355
a2,1.2773143580636512
