n_samples,48.0
p0,1.0
p1,2.0
p2,3.0
a0,1.3414103458981463
a1,0.7638568412562504
a2,1.1365633800268415
