Metric,Value
Accuracy,0.8156876736247054
Precision,0.8038549894955208
Recall,0.9583824707098043
F1 Score,0.9573803657037704
