n_samples,45.0
p0,1.0
p1,2.0
p2,3.0
a0,1.064975083944269
a1,0.7466153493497009
a2,0.8316922029872809
