n_samples,49.0
p0,1.0
p1,2.0
p2,3.0
a0,0.7308481410203113
a1,0.9874473430145693
a2,1.3364386126740273
