n_samples,43.0
p0,1.0
p1,2.0
p2,3.0
a0,1.0962892909291475
a1,0.9028956617259324
a2,0.6866146919760345
