n_samples,47.0
p0,1.0
p1,2.0
p2,3.0
a0,1.142368665795896
a1,1.307541786860536
a2,1.2798139747061654
