n_samples,49.0
p0,1.0
p1,2.0
p2,3.0
a0,0.7005057793039083
a1,1.4124431576070071
a2,0.677806276254079
