n_samples,41.0
p0,1.0
p1,2.0
p2,3.0
a0,1.0224417475380476
a1,1.4963213344298987
a2,0.9265052170287227
