n_samples,44.0
p0,1.0
p1,2.0
p2,3.0
a0,1.0660126652091622
a1,1.1937096589321698
a2,1.0118505487912701
