n_samples,49.0
p0,1.0
p1,2.0
p2,3.0
a0,1.1471510884752742
a1,1.1124671262081294
a2,0.7300101003097178
