n_samples,41.0
p0,1.0
p1,2.0
p2,3.0
a0,0.9618753142196087
a1,1.1262087152199989
a2,0.8755396892276477
