n_samples,42.0
p0,1.0
p1,2.0
p2,3.0
a0,0.7017615149027538
a1,0.6479995241211542
a2,1.2391819566354232
