n_samples,47.0
p0,1.0
p1,2.0
p2,3.0
a0,1.1770739969782351
a1,0.9469261741608185
a2,1.0060800827336696
