n_samples,41.0
p0,1.0
p1,2.0
p2,3.0
a0,1.2767238254001434
a1,1.4786494355825723
a2,0.9866338433147971
