n_samples,41.0
p0,1.0
p1,2.0
p2,3.0
a0,0.8943790595279008
a1,0.8275157247480494
a2,1.0497941705750415
