n_samples,48.0
p0,1.0
p1,2.0
p2,3.0
a0,1.113416275828261
a1,0.5833562406097988
a2,1.0217070276777511
