n_samples,46.0
p0,1.0
p1,2.0
p2,3.0
a0,0.8712257589897066
a1,1.1961501685264198
a2,0.7646195605677195
