n_samples,45.0
p0,1.0
p1,2.0
p2,3.0
a0,1.3575238543256847
a1,0.8436326313794722
a2,1.041074082860812
