Metric,Value
Accuracy,0.9443520552516469
Precision,0.8295457405547634
Recall,0.9373696108288677
F1 Score,0.8491483028640856
