n_samples,45.0
p0,1.0
p1,2.0
p2,3.0
a0,0.7157685227583123
a1,0.514612189310247
a2,1.488449419888501
