n_samples,42.0
p0,1.0
p1,2.0
p2,3.0
a0,1.47687851807367
a1,1.0816469046523505
a2,1.1848872399420713
