n_samples,48.0
p0,1.0
p1,2.0
p2,3.0
a0,1.1431465557356573
a1,1.1881013295557739
a2,0.6013137417955249
