n_samples,44.0
p0,1.0
p1,2.0
p2,3.0
a0,0.8030852889876833
a1,1.1686675575987628
a2,1.2996625156782284
