n_samples,46.0
p0,1.0
p1,2.0
p2,3.0
a0,0.712083512785357
a1,0.95409115350587
a2,1.4514869367055427
