n_samples,46.0
p0,1.0
p1,2.0
p2,3.0
a0,0.8127279783486612
a1,0.6620195650535734
a2,0.6766084295545186
