n_samples,43.0
p0,1.0
p1,2.0
p2,3.0
a0,1.3455723003116447
a1,0.5364386201359895
a2,0.9397992261820395
