n_samples,45.0
p0,1.0
p1,2.0
p2,3.0
a0,1.1695176893939665
a1,0.9042513580408
a2,0.5145335578015557
