n_samples,45.0
p0,1.0
p1,2.0
p2,3.0
a0,0.6880339509517107
a1,1.193112209227261
a2,0.6127255039912543
