n_samples,42.0
p0,1.0
p1,2.0
p2,3.0
a0,0.9142218529973164
a1,0.5548372904993727
a2,0.77665386841819
