n_samples,40.0
p0,1.0
p1,2.0
p2,3.0
a0,1.3943149006261408
a1,0.5025577651988398
a2,0.7080889631867825
