Name,min,max,mean,sigma3
wave1,40.0,49.0,43.96,8.43067990356434
wave2,40.0,49.0,43.96,8.43067990356434
wave3,40.0,49.0,43.96,8.43067990356434
