n_samples,45.0
p0,1.0
p1,2.0
p2,3.0
a0,1.0028859000572872
a1,0.6989868698484565
a2,1.3694307615983154
