n_samples,49.0
p0,1.0
p1,2.0
p2,3.0
a0,0.8197460031884012
a1,0.9083323050192592
a2,1.237647022311692
