n_samples,44.0
p0,1.0
p1,2.0
p2,3.0
a0,0.582235901229116
a1,0.875136919688147
a2,0.5049070168981855
