n_samples,43.0
p0,1.0
p1,2.0
p2,3.0
a0,1.1989264889188445
a1,0.6170356759913365
a2,0.8011334257193399
