n_samples,41.0
p0,1.0
p1,2.0
p2,3.0
a0,0.5843058751581367
a1,1.461768073348784
a2,0.5209282454663533
