n_samples,41.0
p0,1.0
p1,2.0
p2,3.0
a0,0.907012594851456
a1,1.1087800711187845
a2,1.4611907157159891
