n_samples,42.0
p0,1.0
p1,2.0
p2,3.0
a0,1.1876934466859723
a1,0.681807684597743
a2,0.5254051324721318
