n_samples,41.0
p0,1.0
p1,2.0
p2,3.0
a0,1.3329716469750772
a1,0.8277925763988038
a2,0.9030262817446818
