n_samples,44.0
p0,1.0
p1,2.0
p2,3.0
a0,1.2001514779499627
a1,1.294667911174648
a2,0.8707908374360882
