n_samples,46.0
p0,1.0
p1,2.0
p2,3.0
a0,0.5396175640059567
a1,0.625355110612541
a2,0.6478422173712792
