n_samples,42.0
p0,1.0
p1,2.0
p2,3.0
a0,1.325534649450527
a1,0.751236072342468
a2,0.8001632028723978
