n_samples,41.0
p0,1.0
p1,2.0
p2,3.0
a0,1.0800229402138757
a1,1.2938841012054976
a2,0.6388511805262815
