n_samples,48.0
p0,1.0
p1,2.0
p2,3.0
a0,0.8816266332261584
a1,1.211135640296255
a2,0.6453113693845786
