n_samples,46.0
p0,1.0
p1,2.0
p2,3.0
a0,0.5024015859103856
a1,0.6293483030150007
a2,0.6787611713385099
