n_samples,43.0
p0,1.0
p1,2.0
p2,3.0
a0,1.1120489240290894
a1,1.113841702249392
a2,1.0302651142961607
