n_samples,48.0
p0,1.0
p1,2.0
p2,3.0
a0,0.5950885319613324
a1,1.1559267689615622
a2,0.7151519399999228
